{
  "name": "angular-resource",
  "version": "1.2.21",
  "main": "./angular-resource.js",
  "dependencies": {
    "angular": "1.2.21"
  },
  "homepage": "https://github.com/angular/bower-angular-resource",
  "_release": "1.2.21",
  "_resolution": {
    "type": "version",
    "tag": "v1.2.21",
    "commit": "68e196de542185ec949ddbc7814c94ffed39e9be"
  },
  "_source": "git://github.com/angular/bower-angular-resource.git",
  "_target": "~1.2.21",
  "_originalSource": "angular-resource",
  "_direct": true
}